{
  "image_id": "run1740_cam2_frame23_r",
  "source": "SDSS",
  "band": "r",
  "image_shape": [
    1489,
    2048
  ],
  "objects": [
    {
      "star_id": 33,
      "ra_deg": 0.09916499999999999,
      "dec_deg": -10.462385,
      "x": 1273.2057368896803,
      "y": 404.24151397970826,
      "mag": 8.1
    }
  ]
}