{
  "image_id": "run1739_cam4_frame306_r",
  "source": "SDSS",
  "band": "r",
  "image_shape": [
    1489,
    2048
  ],
  "objects": [
    {
      "star_id": 198,
      "ra_deg": 0.632745,
      "dec_deg": 15.335173,
      "x": 1592.6188818354035,
      "y": 1429.8424682232724,
      "mag": 8.94
    }
  ]
}