{
  "image_id": "run1739_cam4_frame307_r",
  "source": "SDSS",
  "band": "r",
  "image_shape": [
    1489,
    2048
  ],
  "objects": [
    {
      "star_id": 198,
      "ra_deg": 0.632745,
      "dec_deg": 15.335173,
      "x": 1592.4616979829846,
      "y": 68.93409971715221,
      "mag": 8.94
    }
  ]
}