{
  "image_id": "run1740_cam5_frame26_r",
  "source": "SDSS",
  "band": "r",
  "image_shape": [
    1489,
    2048
  ],
  "objects": [
    {
      "star_id": 180,
      "ra_deg": 0.570915,
      "dec_deg": -9.174928,
      "x": 1590.8730226386194,
      "y": 378.4278077489119,
      "mag": 8.47
    }
  ]
}