{
  "image_id": "run1740_cam1_frame24_r",
  "source": "SDSS",
  "band": "r",
  "image_shape": [
    1489,
    2048
  ],
  "objects": [
    {
      "star_id": 82,
      "ra_deg": 0.24801,
      "dec_deg": -10.935963,
      "x": 804.3334345778687,
      "y": 435.23207078349463,
      "mag": 9.5
    }
  ]
}