{
  "image_id": "run1739_cam1_frame304_r",
  "source": "SDSS",
  "band": "r",
  "image_shape": [
    1489,
    2048
  ],
  "objects": [
    {
      "star_id": 96,
      "ra_deg": 0.30495,
      "dec_deg": 13.975088,
      "x": 734.0297611405974,
      "y": 1013.8163304612403,
      "mag": 10.46
    }
  ]
}