{
  "image_id": "run2566_cam5_frame312_r",
  "source": "SDSS",
  "band": "r",
  "image_shape": [
    1489,
    2048
  ],
  "objects": [
    {
      "star_id": 149,
      "ra_deg": 0.478815,
      "dec_deg": 15.528542,
      "x": 1485.1714973405706,
      "y": 269.7389729017038,
      "mag": 8.15
    }
  ]
}