{
  "image_id": "run2728_cam6_frame414_r",
  "source": "SDSS",
  "band": "r",
  "image_shape": [
    1489,
    2048
  ],
  "objects": [
    {
      "star_id": 51,
      "ra_deg": 0.14341500000000001,
      "dec_deg": 1.066213,
      "x": 216.1502853783236,
      "y": 495.9802741776937,
      "mag": 8.94
    }
  ]
}