{
  "image_id": "run2566_cam3_frame311_r",
  "source": "SDSS",
  "band": "r",
  "image_shape": [
    1489,
    2048
  ],
  "objects": [
    {
      "star_id": 126,
      "ra_deg": 0.408825,
      "dec_deg": 14.632324,
      "x": 981.5662362212535,
      "y": 851.6466545520245,
      "mag": 8.06
    }
  ]
}