{
  "image_id": "run4145_cam1_frame113_r",
  "source": "SDSS",
  "band": "r",
  "image_shape": [
    1489,
    2048
  ],
  "objects": [
    {
      "star_id": 134,
      "ra_deg": 0.42519,
      "dec_deg": -1.13996,
      "x": 1155.8083752528537,
      "y": 529.6800070106839,
      "mag": 9.96
    }
  ]
}