{
  "image_id": "run4263_cam3_frame118_r",
  "source": "SDSS",
  "band": "r",
  "image_shape": [
    1489,
    2048
  ],
  "objects": [
    {
      "star_id": 135,
      "ra_deg": 0.426795,
      "dec_deg": -0.217777,
      "x": 1917.9990218535413,
      "y": 1215.144261313151,
      "mag": 8.64
    }
  ]
}