{
  "image_id": "run4152_cam3_frame104_r",
  "source": "SDSS",
  "band": "r",
  "image_shape": [
    1489,
    2048
  ],
  "objects": [
    {
      "star_id": 121,
      "ra_deg": 0.39643500000000004,
      "dec_deg": 28.423691,
      "x": 646.479364022445,
      "y": 331.68137695919216,
      "mag": 6.83
    }
  ]
}