{
  "image_id": "run4135_cam4_frame268_r",
  "source": "SDSS",
  "band": "r",
  "image_shape": [
    1489,
    2048
  ],
  "objects": [
    {
      "star_id": 69,
      "ra_deg": 0.201405,
      "dec_deg": 30.39589,
      "x": 1355.5691173876378,
      "y": 1329.698715211217,
      "mag": 8.33
    }
  ]
}