{
  "image_id": "run4851_cam6_frame34_r",
  "source": "SDSS",
  "band": "r",
  "image_shape": [
    1489,
    2048
  ],
  "objects": [
    {
      "star_id": 148,
      "ra_deg": 0.47793,
      "dec_deg": 26.004049,
      "x": 269.76552713654974,
      "y": 1304.8305496374671,
      "mag": 11.26
    }
  ]
}