{
  "image_id": "run4822_cam4_frame532_r",
  "source": "SDSS",
  "band": "r",
  "image_shape": [
    1489,
    2048
  ],
  "objects": [
    {
      "star_id": 74,
      "ra_deg": 0.222255,
      "dec_deg": 35.752624,
      "x": 1956.1537656826831,
      "y": 1113.7638022059416,
      "mag": 9.93
    }
  ]
}