{
  "image_id": "run4152_cam6_frame66_r",
  "source": "SDSS",
  "band": "r",
  "image_shape": [
    1489,
    2048
  ],
  "objects": [
    {
      "star_id": 111,
      "ra_deg": 0.34971,
      "dec_deg": 34.281848,
      "x": 977.701402712907,
      "y": 113.31114038890246,
      "mag": 11.28
    }
  ]
}