{
  "image_id": "run4822_cam6_frame536_r",
  "source": "SDSS",
  "band": "r",
  "image_shape": [
    1489,
    2048
  ],
  "objects": [
    {
      "star_id": 70,
      "ra_deg": 0.20268,
      "dec_deg": 36.777637,
      "x": 1620.999454874132,
      "y": 1469.893345968362,
      "mag": 10.42
    }
  ]
}