{
  "image_id": "run4822_cam5_frame536_r",
  "source": "SDSS",
  "band": "r",
  "image_shape": [
    1489,
    2048
  ],
  "objects": [
    {
      "star_id": 141,
      "ra_deg": 0.45348,
      "dec_deg": 36.350358,
      "x": 1272.433791715989,
      "y": 426.0710167614568,
      "mag": 8.47
    }
  ]
}