{
  "image_id": "run4836_cam6_frame367_r",
  "source": "SDSS",
  "band": "r",
  "image_shape": [
    1489,
    2048
  ],
  "objects": [
    {
      "star_id": 42,
      "ra_deg": 0.12542999999999999,
      "dec_deg": 25.844765,
      "x": 832.5561264537058,
      "y": 130.32315608962517,
      "mag": 8.2
    }
  ]
}