{
  "image_id": "run4822_cam6_frame537_r",
  "source": "SDSS",
  "band": "r",
  "image_shape": [
    1489,
    2048
  ],
  "objects": [
    {
      "star_id": 70,
      "ra_deg": 0.20268,
      "dec_deg": 36.777637,
      "x": 1620.8545456610514,
      "y": 108.792190582653,
      "mag": 10.42
    },
    {
      "star_id": 71,
      "ra_deg": 0.20704499999999998,
      "dec_deg": 36.780106,
      "x": 1618.0458725749475,
      "y": 147.60391240624392,
      "mag": 8.26
    }
  ]
}