{
  "image_id": "run4152_cam6_frame70_r",
  "source": "SDSS",
  "band": "r",
  "image_shape": [
    1489,
    2048
  ],
  "objects": [
    {
      "star_id": 161,
      "ra_deg": 0.5124299999999999,
      "dec_deg": 33.695958,
      "x": 964.3417294373094,
      "y": 135.93438134202404,
      "mag": 8.98
    }
  ]
}