{
  "image_id": "run4822_cam6_frame535_r",
  "source": "SDSS",
  "band": "r",
  "image_shape": [
    1489,
    2048
  ],
  "objects": [
    {
      "star_id": 9,
      "ra_deg": 0.035324999999999995,
      "dec_deg": 36.585958,
      "x": 1048.376627910943,
      "y": 782.1748513948207,
      "mag": 8.59
    }
  ]
}