{
  "image_id": "run4152_cam4_frame89_r",
  "source": "SDSS",
  "band": "r",
  "image_shape": [
    1489,
    2048
  ],
  "objects": [
    {
      "star_id": 114,
      "ra_deg": 0.371655,
      "dec_deg": 30.735785,
      "x": 1431.3689413764428,
      "y": 237.91780545723606,
      "mag": 7.95
    }
  ]
}