{
  "image_id": "run4135_cam1_frame297_r",
  "source": "SDSS",
  "band": "r",
  "image_shape": [
    1489,
    2048
  ],
  "objects": [
    {
      "star_id": 8,
      "ra_deg": 0.027345,
      "dec_deg": 25.886461,
      "x": 2010.6533247379975,
      "y": 1429.7497655484417,
      "mag": 9.05
    }
  ]
}