{
  "image_id": "run5598_cam1_frame119_r",
  "source": "SDSS",
  "band": "r",
  "image_shape": [
    1489,
    2048
  ],
  "objects": [
    {
      "star_id": 188,
      "ra_deg": 0.602685,
      "dec_deg": 6.333013,
      "x": 1106.0542021978906,
      "y": 1067.5220646667378,
      "mag": 8.64
    }
  ]
}