{
  "image_id": "run5064_cam2_frame152_r",
  "source": "SDSS",
  "band": "r",
  "image_shape": [
    1489,
    2048
  ],
  "objects": [
    {
      "star_id": 92,
      "ra_deg": 0.290685,
      "dec_deg": -20.70555,
      "x": 725.4690389872042,
      "y": 1124.9567617454309,
      "mag": 8.68
    }
  ]
}