{
  "image_id": "run5656_cam6_frame20_r",
  "source": "SDSS",
  "band": "r",
  "image_shape": [
    1489,
    2048
  ],
  "objects": [
    {
      "star_id": 192,
      "ra_deg": 0.61983,
      "dec_deg": 8.393859,
      "x": 770.6272476715159,
      "y": 254.02752225022266,
      "mag": 8.16
    },
    {
      "star_id": 194,
      "ra_deg": 0.6237600000000001,
      "dec_deg": 8.485463,
      "x": 1602.939123541978,
      "y": 297.86704666826563,
      "mag": 5.7
    }
  ]
}