{
  "image_id": "run5064_cam5_frame150_r",
  "source": "SDSS",
  "band": "r",
  "image_shape": [
    1489,
    2048
  ],
  "objects": [
    {
      "star_id": 2,
      "ra_deg": 0.004245,
      "dec_deg": -19.49884,
      "x": 171.33451365659585,
      "y": 1075.292428747172,
      "mag": 9.27
    }
  ]
}