{
  "image_id": "run5598_cam5_frame116_r",
  "source": "SDSS",
  "band": "r",
  "image_shape": [
    1489,
    2048
  ],
  "objects": [
    {
      "star_id": 21,
      "ra_deg": 0.06639,
      "dec_deg": 8.007234,
      "x": 1116.2766639161782,
      "y": 482.067126621281,
      "mag": 7.55
    }
  ]
}