{
  "image_id": "run6361_cam2_frame30_r",
  "source": "SDSS",
  "band": "r",
  "image_shape": [
    1489,
    2048
  ],
  "objects": [
    {
      "star_id": 157,
      "ra_deg": 0.50043,
      "dec_deg": -5.213925,
      "x": 1937.2673457080023,
      "y": 1122.0381518372405,
      "mag": 8.51
    }
  ]
}