{
  "image_id": "run6361_cam1_frame34_r",
  "source": "SDSS",
  "band": "r",
  "image_shape": [
    1489,
    2048
  ],
  "objects": [
    {
      "star_id": 91,
      "ra_deg": 0.28053,
      "dec_deg": -5.874348,
      "x": 1369.8086168282257,
      "y": 235.09314388659027,
      "mag": 7.66
    }
  ]
}