{
  "image_id": "run6361_cam1_frame33_r",
  "source": "SDSS",
  "band": "r",
  "image_shape": [
    1489,
    2048
  ],
  "objects": [
    {
      "star_id": 87,
      "ra_deg": 0.26149500000000003,
      "dec_deg": -5.835002,
      "x": 1368.626195105137,
      "y": 1199.1338006561764,
      "mag": 7.8
    }
  ]
}