{
  "image_id": "run6361_cam2_frame28_r",
  "source": "SDSS",
  "band": "r",
  "image_shape": [
    1489,
    2048
  ],
  "objects": [
    {
      "star_id": 81,
      "ra_deg": 0.24342,
      "dec_deg": -4.932534,
      "x": 940.4105224925378,
      "y": 532.4025581243984,
      "mag": 8.57
    }
  ]
}