{
  "image_id": "run6372_cam2_frame97_r",
  "source": "SDSS",
  "band": "r",
  "image_shape": [
    1489,
    2048
  ],
  "objects": [
    {
      "star_id": 157,
      "ra_deg": 0.50043,
      "dec_deg": -5.213925,
      "x": 29.79287969998188,
      "y": 614.2988341116621,
      "mag": 8.51
    },
    {
      "star_id": 205,
      "ra_deg": 0.645645,
      "dec_deg": -5.186651,
      "x": 1322.603765374323,
      "y": 957.8910273198339,
      "mag": 8.54
    }
  ]
}