{
  "image_id": "run6361_cam5_frame16_r",
  "source": "SDSS",
  "band": "r",
  "image_shape": [
    1489,
    2048
  ],
  "objects": [
    {
      "star_id": 159,
      "ra_deg": 0.5109,
      "dec_deg": -2.766171,
      "x": 180.00539561037067,
      "y": 145.10225028710897,
      "mag": 6.93
    },
    {
      "star_id": 168,
      "ra_deg": 0.5334300000000001,
      "dec_deg": -2.820072,
      "x": 153.1149539343594,
      "y": 675.442619524405,
      "mag": 9.56
    }
  ]
}