{
  "image_id": "run6372_cam1_frame102_r",
  "source": "SDSS",
  "band": "r",
  "image_shape": [
    1489,
    2048
  ],
  "objects": [
    {
      "star_id": 154,
      "ra_deg": 0.49008,
      "dec_deg": -6.014072,
      "x": 624.3344548198571,
      "y": 329.37513068877695,
      "mag": 4.37
    },
    {
      "star_id": 187,
      "ra_deg": 0.60228,
      "dec_deg": -6.05927,
      "x": 1362.3390538451326,
      "y": 1137.6980660881104,
      "mag": 8.99
    }
  ]
}