{
  "image_id": "run7784_cam6_frame200_r",
  "source": "SDSS",
  "band": "r",
  "image_shape": [
    1489,
    2048
  ],
  "objects": [
    {
      "star_id": 184,
      "ra_deg": 0.58977,
      "dec_deg": 11.006236,
      "x": 1855.0580980663685,
      "y": 1127.0400723328576,
      "mag": 8.48
    }
  ]
}