{
  "image_id": "run7937_cam2_frame51_r",
  "source": "SDSS",
  "band": "r",
  "image_shape": [
    1489,
    2048
  ],
  "objects": [
    {
      "star_id": 34,
      "ra_deg": 0.09956999999999999,
      "dec_deg": 26.918108,
      "x": 1298.8365644795429,
      "y": 1257.6609876616217,
      "mag": 6.43
    }
  ]
}