{
  "image_id": "run7880_cam5_frame47_r",
  "source": "SDSS",
  "band": "r",
  "image_shape": [
    1489,
    2048
  ],
  "objects": [
    {
      "star_id": 185,
      "ra_deg": 0.59004,
      "dec_deg": 10.785363,
      "x": 1763.213314178533,
      "y": 408.0060481169591,
      "mag": 8.53
    },
    {
      "star_id": 190,
      "ra_deg": 0.60543,
      "dec_deg": 10.776364,
      "x": 1679.5934419488415,
      "y": 544.3765305830242,
      "mag": 8.74
    }
  ]
}