{
  "image_id": "run7917_cam1_frame107_r",
  "source": "SDSS",
  "band": "r",
  "image_shape": [
    1489,
    2048
  ],
  "objects": [
    {
      "star_id": 144,
      "ra_deg": 0.45561,
      "dec_deg": 21.462502,
      "x": 765.5314231887319,
      "y": 914.8805163029995,
      "mag": 10.35
    }
  ]
}