{
  "image_id": "run7912_cam5_frame157_r",
  "source": "SDSS",
  "band": "r",
  "image_shape": [
    1489,
    2048
  ],
  "objects": [
    {
      "star_id": 54,
      "ra_deg": 0.15255,
      "dec_deg": 17.968908,
      "x": 1064.0755552345454,
      "y": 1247.6243656480126,
      "mag": 10.57
    }
  ]
}