{
  "image_id": "run7912_cam5_frame158_r",
  "source": "SDSS",
  "band": "r",
  "image_shape": [
    1489,
    2048
  ],
  "objects": [
    {
      "star_id": 78,
      "ra_deg": 0.232305,
      "dec_deg": 17.867851,
      "x": 128.50143293566725,
      "y": 553.5027067491089,
      "mag": 8.06
    }
  ]
}