{
  "image_id": "run7778_cam2_frame320_r",
  "source": "SDSS",
  "band": "r",
  "image_shape": [
    1489,
    2048
  ],
  "objects": [
    {
      "star_id": 145,
      "ra_deg": 0.45603,
      "dec_deg": -3.027504,
      "x": 934.8533718521396,
      "y": 363.2688096708707,
      "mag": 5.13
    }
  ]
}