{
  "image_id": "run7713_cam6_frame235_r",
  "source": "SDSS",
  "band": "r",
  "image_shape": [
    1489,
    2048
  ],
  "objects": [
    {
      "star_id": 201,
      "ra_deg": 0.639285,
      "dec_deg": 18.683407,
      "x": 1718.7532325982702,
      "y": 721.7026880433257,
      "mag": 8.24
    }
  ]
}