{
  "image_id": "run7787_cam4_frame205_r",
  "source": "SDSS",
  "band": "r",
  "image_shape": [
    1489,
    2048
  ],
  "objects": [
    {
      "star_id": 152,
      "ra_deg": 0.48451500000000003,
      "dec_deg": 12.654888,
      "x": 1820.9491730712532,
      "y": 450.2107013992168,
      "mag": 8.9
    }
  ]
}