{
  "image_id": "run7717_cam4_frame330_r",
  "source": "SDSS",
  "band": "r",
  "image_shape": [
    1489,
    2048
  ],
  "objects": [
    {
      "star_id": 31,
      "ra_deg": 0.09808499999999999,
      "dec_deg": 2.675477,
      "x": 1750.7969689527856,
      "y": 783.0983299443353,
      "mag": 7.63
    }
  ]
}