{
  "image_id": "run7907_cam3_frame75_r",
  "source": "SDSS",
  "band": "r",
  "image_shape": [
    1489,
    2048
  ],
  "objects": [
    {
      "star_id": 159,
      "ra_deg": 0.5109,
      "dec_deg": -2.766171,
      "x": 1406.9633206059445,
      "y": 634.0567491595172,
      "mag": 6.93
    },
    {
      "star_id": 168,
      "ra_deg": 0.5334300000000001,
      "dec_deg": -2.820072,
      "x": 917.7116538484404,
      "y": 840.4503773562774,
      "mag": 9.56
    }
  ]
}