{
  "image_id": "run7708_cam2_frame208_r",
  "source": "SDSS",
  "band": "r",
  "image_shape": [
    1489,
    2048
  ],
  "objects": [
    {
      "star_id": 136,
      "ra_deg": 0.428685,
      "dec_deg": 24.253113,
      "x": 1563.1201202323682,
      "y": 279.0402960318971,
      "mag": 6.6
    }
  ]
}