{
  "image_id": "run7754_cam1_frame314_r",
  "source": "SDSS",
  "band": "r",
  "image_shape": [
    1489,
    2048
  ],
  "objects": [
    {
      "star_id": 6,
      "ra_deg": 0.01869,
      "dec_deg": 3.946458,
      "x": 186.80907621926133,
      "y": 967.4934736420756,
      "mag": 12.31
    }
  ]
}