{
  "image_id": "run7787_cam6_frame202_r",
  "source": "SDSS",
  "band": "r",
  "image_shape": [
    1489,
    2048
  ],
  "objects": [
    {
      "star_id": 23,
      "ra_deg": 0.07456499999999999,
      "dec_deg": 13.312234,
      "x": 227.59986740452212,
      "y": 1084.8367328612833,
      "mag": 7.57
    }
  ]
}