{
  "image_id": "run7773_cam3_frame311_r",
  "source": "SDSS",
  "band": "r",
  "image_shape": [
    1489,
    2048
  ],
  "objects": [
    {
      "star_id": 36,
      "ra_deg": 0.103395,
      "dec_deg": 12.267128,
      "x": 265.6459761668134,
      "y": 473.6241067383969,
      "mag": 7.68
    }
  ]
}