{
  "image_id": "run8096_cam6_frame231_r",
  "source": "SDSS",
  "band": "r",
  "image_shape": [
    1489,
    2048
  ],
  "objects": [
    {
      "star_id": 147,
      "ra_deg": 0.466065,
      "dec_deg": 21.026236,
      "x": 387.9993598937381,
      "y": 633.1208407559773,
      "mag": 8.49
    }
  ]
}