{
  "image_id": "run8156_cam4_frame236_r",
  "source": "SDSS",
  "band": "r",
  "image_shape": [
    1489,
    2048
  ],
  "objects": [
    {
      "star_id": 79,
      "ra_deg": 0.23576999999999998,
      "dec_deg": 35.31672,
      "x": 1892.9691713683019,
      "y": 1305.8319921153534,
      "mag": 8.69
    }
  ]
}