{
  "image_id": "run8096_cam3_frame230_r",
  "source": "SDSS",
  "band": "r",
  "image_shape": [
    1489,
    2048
  ],
  "objects": [
    {
      "star_id": 100,
      "ra_deg": 0.31638,
      "dec_deg": 19.741243,
      "x": 193.05317173048797,
      "y": 398.94347086365985,
      "mag": 8.44
    }
  ]
}