{
  "image_id": "star373_run8095_cam2_frame308_r_p128",
  "source": "SDSS",
  "band": "r",
  "image_shape": [
    128,
    128
  ],
  "objects": [
    {
      "star_id": 373,
      "ra_deg": 1.16598,
      "dec_deg": -8.184953,
      "x": 64.17034987235047,
      "y": 64.37448610097675,
      "mag": 8.72
    }
  ]
}