{
  "image_id": "star276_run8096_cam5_frame233_r_p128",
  "source": "SDSS",
  "band": "r",
  "image_shape": [
    128,
    128
  ],
  "objects": [
    {
      "star_id": 276,
      "ra_deg": 0.858045,
      "dec_deg": 20.66553,
      "x": 64.3294360855756,
      "y": 64.23541129697787,
      "mag": 7.49
    }
  ]
}