{
  "image_id": "star577_run7917_cam4_frame115_r_p128",
  "source": "SDSS",
  "band": "r",
  "image_shape": [
    128,
    128
  ],
  "objects": [
    {
      "star_id": 577,
      "ra_deg": 1.7583300000000002,
      "dec_deg": 22.844452,
      "x": 63.576021324774274,
      "y": 64.49242206502049,
      "mag": 8.29
    }
  ]
}