{
  "image_id": "star375_run8157_cam2_frame125_r_p128",
  "source": "SDSS",
  "band": "r",
  "image_shape": [
    128,
    128
  ],
  "objects": [
    {
      "star_id": 375,
      "ra_deg": 1.1676000000000002,
      "dec_deg": 34.27136,
      "x": 64.058828359794,
      "y": 63.701784332508,
      "mag": 9.08
    }
  ]
}