{
  "image_id": "star141_run4822_cam5_frame536_r_p128",
  "source": "SDSS",
  "band": "r",
  "image_shape": [
    128,
    128
  ],
  "objects": [
    {
      "star_id": 141,
      "ra_deg": 0.45348,
      "dec_deg": 36.350358,
      "x": 64.43379171598895,
      "y": 64.0710167614568,
      "mag": 8.47
    }
  ]
}