{
  "image_id": "star282_run8096_cam2_frame233_r_p128",
  "source": "SDSS",
  "band": "r",
  "image_shape": [
    128,
    128
  ],
  "objects": [
    {
      "star_id": 282,
      "ra_deg": 0.87642,
      "dec_deg": 19.381496,
      "x": 63.69363498026598,
      "y": 64.38122025062557,
      "mag": 7.92
    }
  ]
}