{
  "image_id": "star186_run7880_cam1_frame47_r_p128",
  "source": "SDSS",
  "band": "r",
  "image_shape": [
    128,
    128
  ],
  "objects": [
    {
      "star_id": 186,
      "ra_deg": 0.60069,
      "dec_deg": 8.956824,
      "x": 64.3373629913466,
      "y": 64.2210254866003,
      "mag": 6.33
    }
  ]
}