{
  "image_id": "star74_run4822_cam4_frame532_r_p128",
  "source": "SDSS",
  "band": "r",
  "image_shape": [
    128,
    128
  ],
  "objects": [
    {
      "star_id": 74,
      "ra_deg": 0.222255,
      "dec_deg": 35.752624,
      "x": 64.15376568268312,
      "y": 63.7638022059416,
      "mag": 9.93
    }
  ]
}