{
  "image_id": "star520_run4145_cam1_frame121_r_p128",
  "source": "SDSS",
  "band": "r",
  "image_shape": [
    128,
    128
  ],
  "objects": [
    {
      "star_id": 520,
      "ra_deg": 1.577715,
      "dec_deg": -1.238097,
      "x": 64.46260877048712,
      "y": 64.49048943917126,
      "mag": 8.22
    }
  ]
}