{
  "image_id": "star600_run7923_cam6_frame193_r_p128",
  "source": "SDSS",
  "band": "r",
  "image_shape": [
    128,
    128
  ],
  "objects": [
    {
      "star_id": 600,
      "ra_deg": 1.825635,
      "dec_deg": 20.965066,
      "x": 64.29408047399761,
      "y": 63.822001284234034,
      "mag": 9.14
    }
  ]
}