{
  "image_id": "star44_run7907_cam2_frame72_r_p128",
  "source": "SDSS",
  "band": "r",
  "image_shape": [
    128,
    128
  ],
  "objects": [
    {
      "star_id": 44,
      "ra_deg": 0.13275,
      "dec_deg": -3.306323,
      "x": 64.3987788374551,
      "y": 63.51835752848501,
      "mag": 7.91
    }
  ]
}