{
  "image_id": "star252_run4135_cam5_frame275_r_p128",
  "source": "SDSS",
  "band": "r",
  "image_shape": [
    128,
    128
  ],
  "objects": [
    {
      "star_id": 252,
      "ra_deg": 0.779625,
      "dec_deg": 29.485979,
      "x": 63.79219462289052,
      "y": 63.73837863169081,
      "mag": 10.3
    }
  ]
}