{
  "image_id": "star494_run7912_cam5_frame166_r_p128",
  "source": "SDSS",
  "band": "r",
  "image_shape": [
    128,
    128
  ],
  "objects": [
    {
      "star_id": 494,
      "ra_deg": 1.481145,
      "dec_deg": 18.075868,
      "x": 63.89596664029432,
      "y": 63.70932302997551,
      "mag": 8.58
    }
  ]
}