{
  "image_id": "star148_run4851_cam6_frame34_r_p128",
  "source": "SDSS",
  "band": "r",
  "image_shape": [
    128,
    128
  ],
  "objects": [
    {
      "star_id": 148,
      "ra_deg": 0.47793,
      "dec_deg": 26.004049,
      "x": 63.765527136549736,
      "y": 63.83054963746713,
      "mag": 11.26
    }
  ]
}