{
  "image_id": "star7_run7923_cam4_frame182_r_p128",
  "source": "SDSS",
  "band": "r",
  "image_shape": [
    128,
    128
  ],
  "objects": [
    {
      "star_id": 7,
      "ra_deg": 0.02205,
      "dec_deg": 20.036114,
      "x": 64.4173326321004,
      "y": 64.14510163731637,
      "mag": 9.64
    }
  ]
}