{
  "image_id": "star510_run4263_cam4_frame126_r_p128",
  "source": "SDSS",
  "band": "r",
  "image_shape": [
    128,
    128
  ],
  "objects": [
    {
      "star_id": 510,
      "ra_deg": 1.53354,
      "dec_deg": 0.121419,
      "x": 64.0700825546071,
      "y": 63.9375217240929,
      "mag": 8.21
    }
  ]
}