{
  "image_id": "star326_run7787_cam1_frame208_r_p128",
  "source": "SDSS",
  "band": "r",
  "image_shape": [
    128,
    128
  ],
  "objects": [
    {
      "star_id": 326,
      "ra_deg": 1.044825,
      "dec_deg": 11.264375,
      "x": 63.91255197677333,
      "y": 63.771946408485064,
      "mag": 8.76
    }
  ]
}