{
  "image_id": "star136_run7708_cam2_frame208_r_p128",
  "source": "SDSS",
  "band": "r",
  "image_shape": [
    128,
    128
  ],
  "objects": [
    {
      "star_id": 136,
      "ra_deg": 0.428685,
      "dec_deg": 24.253113,
      "x": 64.12012023236821,
      "y": 64.04029603189713,
      "mag": 6.6
    }
  ]
}