{
  "image_id": "star410_run4135_cam5_frame288_r_p128",
  "source": "SDSS",
  "band": "r",
  "image_shape": [
    128,
    128
  ],
  "objects": [
    {
      "star_id": 410,
      "ra_deg": 1.25493,
      "dec_deg": 27.674784,
      "x": 64.11720231613458,
      "y": 63.698462625820866,
      "mag": 6.47
    }
  ]
}