{
  "image_id": "star607_run1740_cam1_frame34_r_p128",
  "source": "SDSS",
  "band": "r",
  "image_shape": [
    128,
    128
  ],
  "objects": [
    {
      "star_id": 607,
      "ra_deg": 1.845345,
      "dec_deg": -11.033396,
      "x": 63.951280893735316,
      "y": 64.08154800376974,
      "mag": 8.98
    }
  ]
}