{
  "image_id": "star96_run1739_cam1_frame304_r_p128",
  "source": "SDSS",
  "band": "r",
  "image_shape": [
    128,
    128
  ],
  "objects": [
    {
      "star_id": 96,
      "ra_deg": 0.30495,
      "dec_deg": 13.975088,
      "x": 64.02976114059743,
      "y": 63.81633046124034,
      "mag": 10.46
    }
  ]
}