{
  "image_id": "star687_run7761_cam3_frame27_r_p128",
  "source": "SDSS",
  "band": "r",
  "image_shape": [
    128,
    128
  ],
  "objects": [
    {
      "star_id": 687,
      "ra_deg": 2.118555,
      "dec_deg": 34.934547,
      "x": 63.709245910028585,
      "y": 64.33700999545488,
      "mag": 7.41
    }
  ]
}