{
  "image_id": "star262_run4152_cam6_frame75_r_p128",
  "source": "SDSS",
  "band": "r",
  "image_shape": [
    128,
    128
  ],
  "objects": [
    {
      "star_id": 262,
      "ra_deg": 0.825915,
      "dec_deg": 32.845864,
      "x": 63.97084246847771,
      "y": 64.09710616827442,
      "mag": 9.04
    }
  ]
}