{
  "image_id": "star399_run8103_cam2_frame103_r_p128",
  "source": "SDSS",
  "band": "r",
  "image_shape": [
    128,
    128
  ],
  "objects": [
    {
      "star_id": 399,
      "ra_deg": 1.2333,
      "dec_deg": 26.648764,
      "x": 64.2447636337912,
      "y": 63.82926234137051,
      "mag": 6.25
    }
  ]
}