{
  "image_id": "star449_run4152_cam5_frame104_r_p128",
  "source": "SDSS",
  "band": "r",
  "image_shape": [
    128,
    128
  ],
  "objects": [
    {
      "star_id": 449,
      "ra_deg": 1.3499400000000001,
      "dec_deg": 28.543724,
      "x": 64.22830583397104,
      "y": 64.00171867492497,
      "mag": 8.99
    }
  ]
}