{
  "image_id": "star2_run5064_cam5_frame150_r_p128",
  "source": "SDSS",
  "band": "r",
  "image_shape": [
    128,
    128
  ],
  "objects": [
    {
      "star_id": 2,
      "ra_deg": 0.004245,
      "dec_deg": -19.49884,
      "x": 64.33451365659585,
      "y": 64.29242874717193,
      "mag": 9.27
    }
  ]
}