{
  "image_id": "star556_run8108_cam6_frame252_r_p128",
  "source": "SDSS",
  "band": "r",
  "image_shape": [
    128,
    128
  ],
  "objects": [
    {
      "star_id": 556,
      "ra_deg": 1.69584,
      "dec_deg": 23.493822,
      "x": 63.75283905150718,
      "y": 64.43560725686234,
      "mag": 8.72
    }
  ]
}