{
  "image_id": "star121_run4152_cam3_frame104_r_p128",
  "source": "SDSS",
  "band": "r",
  "image_shape": [
    128,
    128
  ],
  "objects": [
    {
      "star_id": 121,
      "ra_deg": 0.39643500000000004,
      "dec_deg": 28.423691,
      "x": 64.479364022445,
      "y": 63.681376959192164,
      "mag": 6.83
    }
  ]
}