{
  "image_id": "star18_run6372_cam2_frame89_r_p128",
  "source": "SDSS",
  "band": "r",
  "image_shape": [
    128,
    128
  ],
  "objects": [
    {
      "star_id": 18,
      "ra_deg": 0.05283,
      "dec_deg": -4.05368,
      "x": 63.941044266346125,
      "y": 64.41203364191495,
      "mag": 11.03
    }
  ]
}