{
  "image_id": "star327_run7881_cam4_frame29_r_p128",
  "source": "SDSS",
  "band": "r",
  "image_shape": [
    128,
    128
  ],
  "objects": [
    {
      "star_id": 327,
      "ra_deg": 1.0462200000000001,
      "dec_deg": -4.926111,
      "x": 63.94755017844568,
      "y": 64.47559648526124,
      "mag": 9.56
    }
  ]
}