{
  "image_id": "star539_run7937_cam6_frame61_r_p128",
  "source": "SDSS",
  "band": "r",
  "image_shape": [
    128,
    128
  ],
  "objects": [
    {
      "star_id": 539,
      "ra_deg": 1.64808,
      "dec_deg": 28.553404,
      "x": 64.0201289995573,
      "y": 63.988003451021314,
      "mag": 6.68
    }
  ]
}