{
  "image_id": "star81_run6361_cam2_frame28_r_p128",
  "source": "SDSS",
  "band": "r",
  "image_shape": [
    128,
    128
  ],
  "objects": [
    {
      "star_id": 81,
      "ra_deg": 0.24342,
      "dec_deg": -4.932534,
      "x": 64.41052249253778,
      "y": 64.40255812439841,
      "mag": 8.57
    }
  ]
}