{
  "image_id": "star14_run4263_cam3_frame116_r_p128",
  "source": "SDSS",
  "band": "r",
  "image_shape": [
    128,
    128
  ],
  "objects": [
    {
      "star_id": 14,
      "ra_deg": 0.04842,
      "dec_deg": -0.36045,
      "x": 63.85310638668591,
      "y": 63.749102393907606,
      "mag": 7.25
    }
  ]
}