{
  "image_id": "star206_run7923_cam1_frame185_r_p128",
  "source": "SDSS",
  "band": "r",
  "image_shape": [
    128,
    128
  ],
  "objects": [
    {
      "star_id": 206,
      "ra_deg": 0.6467999999999999,
      "dec_deg": 18.836044,
      "x": 63.643804456788985,
      "y": 64.2242971529372,
      "mag": 8.56
    }
  ]
}