{
  "image_id": "star451_run7917_cam1_frame113_r_p128",
  "source": "SDSS",
  "band": "r",
  "image_shape": [
    128,
    128
  ],
  "objects": [
    {
      "star_id": 451,
      "ra_deg": 1.355745,
      "dec_deg": 21.5694,
      "x": 64.43184083399706,
      "y": 63.55332240248498,
      "mag": 9.9
    }
  ]
}