{
  "image_id": "star495_run4152_cam3_frame130_r_p128",
  "source": "SDSS",
  "band": "r",
  "image_shape": [
    128,
    128
  ],
  "objects": [
    {
      "star_id": 495,
      "ra_deg": 1.486365,
      "dec_deg": 24.569005,
      "x": 64.16566349262234,
      "y": 64.16989942006148,
      "mag": 6.9
    }
  ]
}