{
  "image_id": "star33_run1740_cam2_frame23_r_p128",
  "source": "SDSS",
  "band": "r",
  "image_shape": [
    128,
    128
  ],
  "objects": [
    {
      "star_id": 33,
      "ra_deg": 0.09916499999999999,
      "dec_deg": -10.462385,
      "x": 64.20573688968034,
      "y": 64.24151397970826,
      "mag": 8.1
    }
  ]
}