{
  "image_id": "star491_run7713_cam5_frame240_r_p128",
  "source": "SDSS",
  "band": "r",
  "image_shape": [
    128,
    128
  ],
  "objects": [
    {
      "star_id": 491,
      "ra_deg": 1.478145,
      "dec_deg": 18.235003,
      "x": 63.65477485867609,
      "y": 64.4255729158208,
      "mag": 7.45
    }
  ]
}