{
  "image_id": "star42_run4836_cam6_frame367_r_p128",
  "source": "SDSS",
  "band": "r",
  "image_shape": [
    128,
    128
  ],
  "objects": [
    {
      "star_id": 42,
      "ra_deg": 0.12542999999999999,
      "dec_deg": 25.844765,
      "x": 63.556126453705815,
      "y": 64.32315608962517,
      "mag": 8.2
    }
  ]
}