{
  "image_id": "star576_run8150_cam4_frame47_r_p128",
  "source": "SDSS",
  "band": "r",
  "image_shape": [
    128,
    128
  ],
  "objects": [
    {
      "star_id": 576,
      "ra_deg": 1.752675,
      "dec_deg": 32.870098,
      "x": 63.64801812611222,
      "y": 64.28250074978416,
      "mag": 9.61
    }
  ]
}