{
  "image_id": "star376_run5636_cam1_frame129_r_p128",
  "source": "SDSS",
  "band": "r",
  "image_shape": [
    128,
    128
  ],
  "objects": [
    {
      "star_id": 376,
      "ra_deg": 1.171395,
      "dec_deg": 6.522449,
      "x": 64.45187788325688,
      "y": 63.722738437955286,
      "mag": 8.37
    }
  ]
}