{
  "image_id": "star490_run7787_cam4_frame211_r_p128",
  "source": "SDSS",
  "band": "r",
  "image_shape": [
    128,
    128
  ],
  "objects": [
    {
      "star_id": 490,
      "ra_deg": 1.46997,
      "dec_deg": 12.527356,
      "x": 64.10692588987672,
      "y": 64.39817484060404,
      "mag": 8.91
    }
  ]
}