{
  "image_id": "star378_run1739_cam3_frame310_r_p128",
  "source": "SDSS",
  "band": "r",
  "image_shape": [
    128,
    128
  ],
  "objects": [
    {
      "star_id": 378,
      "ra_deg": 1.171935,
      "dec_deg": 14.965233,
      "x": 64.02255739208385,
      "y": 64.22664561864633,
      "mag": 7.37
    }
  ]
}