{
  "image_id": "star368_run7717_cam5_frame337_r_p128",
  "source": "SDSS",
  "band": "r",
  "image_shape": [
    128,
    128
  ],
  "objects": [
    {
      "star_id": 368,
      "ra_deg": 1.156125,
      "dec_deg": 2.937228,
      "x": 63.59788950549853,
      "y": 64.11606950299677,
      "mag": 7.9
    }
  ]
}