{
  "image_id": "star550_run5636_cam6_frame133_r_p128",
  "source": "SDSS",
  "band": "r",
  "image_shape": [
    128,
    128
  ],
  "objects": [
    {
      "star_id": 550,
      "ra_deg": 1.6825350000000001,
      "dec_deg": 8.657202,
      "x": 64.44099764314797,
      "y": 64.08174772809087,
      "mag": 10.92
    }
  ]
}