{
  "image_id": "star554_run7784_cam4_frame207_r_p128",
  "source": "SDSS",
  "band": "r",
  "image_shape": [
    128,
    128
  ],
  "objects": [
    {
      "star_id": 554,
      "ra_deg": 1.69419,
      "dec_deg": 10.069051,
      "x": 63.8554614957153,
      "y": 64.32646756253735,
      "mag": 9.74
    }
  ]
}