{
  "image_id": "star459_run8108_cam3_frame250_r_p128",
  "source": "SDSS",
  "band": "r",
  "image_shape": [
    128,
    128
  ],
  "objects": [
    {
      "star_id": 459,
      "ra_deg": 1.370175,
      "dec_deg": 22.224492,
      "x": 63.674171899213206,
      "y": 63.55898356857688,
      "mag": 9.13
    }
  ]
}