{
  "image_id": "star87_run6361_cam1_frame33_r_p128",
  "source": "SDSS",
  "band": "r",
  "image_shape": [
    128,
    128
  ],
  "objects": [
    {
      "star_id": 87,
      "ra_deg": 0.26149500000000003,
      "dec_deg": -5.835002,
      "x": 63.62619510513696,
      "y": 64.13380065617639,
      "mag": 7.8
    }
  ]
}