{
  "image_id": "star544_run8150_cam6_frame46_r_p128",
  "source": "SDSS",
  "band": "r",
  "image_shape": [
    128,
    128
  ],
  "objects": [
    {
      "star_id": 544,
      "ra_deg": 1.66041,
      "dec_deg": 33.654249,
      "x": 64.07839849125594,
      "y": 63.96955679863913,
      "mag": 8.51
    }
  ]
}