{
  "image_id": "star93_run2728_cam3_frame415_r_p128",
  "source": "SDSS",
  "band": "r",
  "image_shape": [
    128,
    128
  ],
  "objects": [
    {
      "star_id": 93,
      "ra_deg": 0.29235,
      "dec_deg": -0.076098,
      "x": 64.37877422404495,
      "y": 63.597235785224996,
      "mag": 8.12
    }
  ]
}