{
  "image_id": "star51_run2728_cam6_frame414_r_p128",
  "source": "SDSS",
  "band": "r",
  "image_shape": [
    128,
    128
  ],
  "objects": [
    {
      "star_id": 51,
      "ra_deg": 0.14341500000000001,
      "dec_deg": 1.066213,
      "x": 64.15028537832359,
      "y": 63.98027417769367,
      "mag": 8.94
    }
  ]
}