{
  "image_id": "star241_run7784_cam2_frame201_r_p128",
  "source": "SDSS",
  "band": "r",
  "image_shape": [
    128,
    128
  ],
  "objects": [
    {
      "star_id": 241,
      "ra_deg": 0.7520249999999999,
      "dec_deg": 9.138279,
      "x": 63.80168151225371,
      "y": 63.75791980967608,
      "mag": 8.76
    }
  ]
}