{
  "image_id": "star154_run6372_cam1_frame102_r_p128",
  "source": "SDSS",
  "band": "r",
  "image_shape": [
    128,
    128
  ],
  "objects": [
    {
      "star_id": 154,
      "ra_deg": 0.49008,
      "dec_deg": -6.014072,
      "x": 64.33445481985711,
      "y": 64.37513068877695,
      "mag": 4.37
    }
  ]
}