{
  "image_id": "star355_run1740_cam2_frame29_r_p128",
  "source": "SDSS",
  "band": "r",
  "image_shape": [
    128,
    128
  ],
  "objects": [
    {
      "star_id": 355,
      "ra_deg": 1.1254950000000001,
      "dec_deg": -10.509523,
      "x": 64.18208435643896,
      "y": 64.06531315148368,
      "mag": 4.99
    }
  ]
}