{
  "image_id": "star248_run5636_cam5_frame127_r_p128",
  "source": "SDSS",
  "band": "r",
  "image_shape": [
    128,
    128
  ],
  "objects": [
    {
      "star_id": 248,
      "ra_deg": 0.76566,
      "dec_deg": 8.270683,
      "x": 64.22569616976375,
      "y": 64.0469847333236,
      "mag": 8.1
    }
  ]
}