{
  "image_id": "star551_run6372_cam3_frame107_r_p128",
  "source": "SDSS",
  "band": "r",
  "image_shape": [
    128,
    128
  ],
  "objects": [
    {
      "star_id": 551,
      "ra_deg": 1.688715,
      "dec_deg": -6.261311,
      "x": 63.82639748001566,
      "y": 64.11775882177847,
      "mag": 10.51
    }
  ]
}