{
  "image_id": "star555_run6372_cam5_frame95_r_p128",
  "source": "SDSS",
  "band": "r",
  "image_shape": [
    128,
    128
  ],
  "objects": [
    {
      "star_id": 555,
      "ra_deg": 1.69572,
      "dec_deg": -4.350026,
      "x": 63.81595856209151,
      "y": 64.40788183016332,
      "mag": 8.21
    }
  ]
}