{
  "image_id": "star676_run8151_cam1_frame57_r_p128",
  "source": "SDSS",
  "band": "r",
  "image_shape": [
    128,
    128
  ],
  "objects": [
    {
      "star_id": 676,
      "ra_deg": 2.096865,
      "dec_deg": 29.090432,
      "x": 63.66715197964959,
      "y": 64.27198922671278,
      "mag": 2.07
    }
  ]
}