{
  "image_id": "star111_run4152_cam6_frame66_r_p128",
  "source": "SDSS",
  "band": "r",
  "image_shape": [
    128,
    128
  ],
  "objects": [
    {
      "star_id": 111,
      "ra_deg": 0.34971,
      "dec_deg": 34.281848,
      "x": 63.701402712907,
      "y": 64.31114038890246,
      "mag": 11.28
    }
  ]
}