{
  "image_id": "star230_run4135_cam5_frame269_r_p128",
  "source": "SDSS",
  "band": "r",
  "image_shape": [
    128,
    128
  ],
  "objects": [
    {
      "star_id": 230,
      "ra_deg": 0.71586,
      "dec_deg": 30.336542,
      "x": 63.755126069644575,
      "y": 64.05062149728064,
      "mag": 8.44
    }
  ]
}