{
  "image_id": "star627_run2728_cam6_frame426_r_p128",
  "source": "SDSS",
  "band": "r",
  "image_shape": [
    128,
    128
  ],
  "objects": [
    {
      "star_id": 627,
      "ra_deg": 1.916655,
      "dec_deg": 1.094204,
      "x": 64.42951210912747,
      "y": 64.19945998781748,
      "mag": 8.25
    }
  ]
}