{
  "image_id": "star445_run7784_cam1_frame205_r_p128",
  "source": "SDSS",
  "band": "r",
  "image_shape": [
    128,
    128
  ],
  "objects": [
    {
      "star_id": 445,
      "ra_deg": 1.34253,
      "dec_deg": 8.787809,
      "x": 63.56253475164681,
      "y": 63.54667204402824,
      "mag": 8.26
    }
  ]
}