{
  "image_id": "star628_run6372_cam2_frame117_r_p128",
  "source": "SDSS",
  "band": "r",
  "image_shape": [
    128,
    128
  ],
  "objects": [
    {
      "star_id": 628,
      "ra_deg": 1.917465,
      "dec_deg": -7.921323,
      "x": 63.60428412760598,
      "y": 63.538576535368975,
      "mag": 8.47
    }
  ]
}