{
  "image_id": "star184_run7784_cam6_frame200_r_p128",
  "source": "SDSS",
  "band": "r",
  "image_shape": [
    128,
    128
  ],
  "objects": [
    {
      "star_id": 184,
      "ra_deg": 0.58977,
      "dec_deg": 11.006236,
      "x": 64.05809806636853,
      "y": 64.04007233285756,
      "mag": 8.48
    }
  ]
}