{
  "image_id": "star441_run6372_cam3_frame102_r_p128",
  "source": "SDSS",
  "band": "r",
  "image_shape": [
    128,
    128
  ],
  "objects": [
    {
      "star_id": 441,
      "ra_deg": 1.33392,
      "dec_deg": -5.707618,
      "x": 64.37990416080333,
      "y": 64.39923218479271,
      "mag": 4.61
    }
  ]
}