{
  "image_id": "star294_run7727_cam1_frame72_r_p128",
  "source": "SDSS",
  "band": "r",
  "image_shape": [
    128,
    128
  ],
  "objects": [
    {
      "star_id": 294,
      "ra_deg": 0.9171,
      "dec_deg": 3.906973,
      "x": 64.32454682590696,
      "y": 64.46962990888233,
      "mag": 7.89
    }
  ]
}