{
  "image_id": "star316_run7787_cam3_frame208_r_p128",
  "source": "SDSS",
  "band": "r",
  "image_shape": [
    128,
    128
  ],
  "objects": [
    {
      "star_id": 316,
      "ra_deg": 1.0010400000000002,
      "dec_deg": 12.145797,
      "x": 63.68184760575821,
      "y": 63.79889261665289,
      "mag": 7.26
    }
  ]
}