{
  "image_id": "star673_run7717_cam6_frame343_r_p128",
  "source": "SDSS",
  "band": "r",
  "image_shape": [
    128,
    128
  ],
  "objects": [
    {
      "star_id": 673,
      "ra_deg": 2.09229,
      "dec_deg": 3.440644,
      "x": 64.35392706805862,
      "y": 64.0310735830194,
      "mag": 8.0
    }
  ]
}