{
  "image_id": "star580_run5636_cam2_frame133_r_p128",
  "source": "SDSS",
  "band": "r",
  "image_shape": [
    128,
    128
  ],
  "objects": [
    {
      "star_id": 580,
      "ra_deg": 1.7672400000000001,
      "dec_deg": 6.875548,
      "x": 63.82871016707463,
      "y": 64.31099294853084,
      "mag": 7.44
    }
  ]
}