{
  "image_id": "star380_run7912_cam3_frame164_r_p128",
  "source": "SDSS",
  "band": "r",
  "image_shape": [
    128,
    128
  ],
  "objects": [
    {
      "star_id": 380,
      "ra_deg": 1.178145,
      "dec_deg": 17.069735,
      "x": 64.35292665806605,
      "y": 64.28332063507662,
      "mag": 8.56
    }
  ]
}