{
  "image_id": "star157_run6361_cam2_frame30_r_p128",
  "source": "SDSS",
  "band": "r",
  "image_shape": [
    128,
    128
  ],
  "objects": [
    {
      "star_id": 157,
      "ra_deg": 0.50043,
      "dec_deg": -5.213925,
      "x": 64.26734570800227,
      "y": 64.03815183724055,
      "mag": 8.51
    }
  ]
}