{
  "image_id": "star92_run5064_cam2_frame152_r_p128",
  "source": "SDSS",
  "band": "r",
  "image_shape": [
    128,
    128
  ],
  "objects": [
    {
      "star_id": 92,
      "ra_deg": 0.290685,
      "dec_deg": -20.70555,
      "x": 64.46903898720416,
      "y": 63.95676174543087,
      "mag": 8.68
    }
  ]
}