{
  "image_id": "star34_run7937_cam2_frame51_r_p128",
  "source": "SDSS",
  "band": "r",
  "image_shape": [
    128,
    128
  ],
  "objects": [
    {
      "star_id": 34,
      "ra_deg": 0.09956999999999999,
      "dec_deg": 26.918108,
      "x": 63.83656447954286,
      "y": 63.660987661621675,
      "mag": 6.43
    }
  ]
}