{
  "image_id": "star129_run7754_cam4_frame317_r_p128",
  "source": "SDSS",
  "band": "r",
  "image_shape": [
    128,
    128
  ],
  "objects": [
    {
      "star_id": 129,
      "ra_deg": 0.41562,
      "dec_deg": 5.372808,
      "x": 63.679311248330805,
      "y": 63.83004958634501,
      "mag": 9.32
    }
  ]
}