{
  "image_id": "star79_run8156_cam4_frame236_r_p128",
  "source": "SDSS",
  "band": "r",
  "image_shape": [
    128,
    128
  ],
  "objects": [
    {
      "star_id": 79,
      "ra_deg": 0.23576999999999998,
      "dec_deg": 35.31672,
      "x": 63.969171368301886,
      "y": 63.83199211535339,
      "mag": 8.69
    }
  ]
}