{
  "image_id": "star258_run7912_cam4_frame161_r_p128",
  "source": "SDSS",
  "band": "r",
  "image_shape": [
    128,
    128
  ],
  "objects": [
    {
      "star_id": 258,
      "ra_deg": 0.80547,
      "dec_deg": 17.552268,
      "x": 64.36779010423129,
      "y": 64.12415324336416,
      "mag": 6.59
    }
  ]
}