{
  "image_id": "star374_run8157_cam2_frame125_r_p128",
  "source": "SDSS",
  "band": "r",
  "image_shape": [
    128,
    128
  ],
  "objects": [
    {
      "star_id": 374,
      "ra_deg": 1.1669999999999998,
      "dec_deg": 34.265124,
      "x": 63.58508478536851,
      "y": 64.03617372326642,
      "mag": 7.02
    }
  ]
}