{
  "image_id": "star503_run4135_cam4_frame306_r_p128",
  "source": "SDSS",
  "band": "r",
  "image_shape": [
    128,
    128
  ],
  "objects": [
    {
      "star_id": 503,
      "ra_deg": 1.513575,
      "dec_deg": 24.9166,
      "x": 63.9686155165208,
      "y": 64.05693079453829,
      "mag": 7.51
    }
  ]
}