{
  "image_id": "star388_run5598_cam1_frame123_r_p128",
  "source": "SDSS",
  "band": "r",
  "image_shape": [
    128,
    128
  ],
  "objects": [
    {
      "star_id": 388,
      "ra_deg": 1.2102300000000001,
      "dec_deg": 6.416652,
      "x": 64.46728057237897,
      "y": 64.37021512115575,
      "mag": 9.15
    }
  ]
}