{
  "image_id": "star9_run4822_cam6_frame535_r_p128",
  "source": "SDSS",
  "band": "r",
  "image_shape": [
    128,
    128
  ],
  "objects": [
    {
      "star_id": 9,
      "ra_deg": 0.035324999999999995,
      "dec_deg": 36.585958,
      "x": 64.37662791094294,
      "y": 64.17485139482073,
      "mag": 8.59
    }
  ]
}