{
  "image_id": "star71_run4822_cam6_frame537_r_p128",
  "source": "SDSS",
  "band": "r",
  "image_shape": [
    128,
    128
  ],
  "objects": [
    {
      "star_id": 71,
      "ra_deg": 0.20704499999999998,
      "dec_deg": 36.780106,
      "x": 64.04587257494745,
      "y": 63.60391240624392,
      "mag": 8.26
    }
  ]
}