{
  "image_id": "star168_run6361_cam5_frame16_r_p128",
  "source": "SDSS",
  "band": "r",
  "image_shape": [
    128,
    128
  ],
  "objects": [
    {
      "star_id": 168,
      "ra_deg": 0.5334300000000001,
      "dec_deg": -2.820072,
      "x": 64.11495393435939,
      "y": 64.44261952440502,
      "mag": 9.56
    }
  ]
}