{
  "image_id": "star597_run7923_cam5_frame193_r_p128",
  "source": "SDSS",
  "band": "r",
  "image_shape": [
    128,
    128
  ],
  "objects": [
    {
      "star_id": 597,
      "ra_deg": 1.81029,
      "dec_deg": 20.555714,
      "x": 64.45826655226688,
      "y": 63.76831232627558,
      "mag": 7.99
    }
  ]
}