{
  "image_id": "star192_run5656_cam6_frame20_r_p128",
  "source": "SDSS",
  "band": "r",
  "image_shape": [
    128,
    128
  ],
  "objects": [
    {
      "star_id": 192,
      "ra_deg": 0.61983,
      "dec_deg": 8.393859,
      "x": 63.627247671515875,
      "y": 64.02752225022266,
      "mag": 8.16
    }
  ]
}