{
  "image_id": "star384_run7712_cam1_frame337_r_p128",
  "source": "SDSS",
  "band": "r",
  "image_shape": [
    128,
    128
  ],
  "objects": [
    {
      "star_id": 384,
      "ra_deg": 1.192815,
      "dec_deg": 1.536895,
      "x": 64.1271930789685,
      "y": 63.70364477850649,
      "mag": 8.18
    }
  ]
}