{
  "image_id": "star219_run7754_cam6_frame319_r_p128",
  "source": "SDSS",
  "band": "r",
  "image_shape": [
    128,
    128
  ],
  "objects": [
    {
      "star_id": 219,
      "ra_deg": 0.6903,
      "dec_deg": 6.0344,
      "x": 64.34300708982482,
      "y": 63.61987229248848,
      "mag": 8.56
    }
  ]
}