{
  "image_id": "star159_run6361_cam5_frame16_r_p128",
  "source": "SDSS",
  "band": "r",
  "image_shape": [
    128,
    128
  ],
  "objects": [
    {
      "star_id": 159,
      "ra_deg": 0.5109,
      "dec_deg": -2.766171,
      "x": 64.00539561037067,
      "y": 64.10225028710897,
      "mag": 6.93
    }
  ]
}