{
  "image_id": "star562_run8151_cam6_frame55_r_p128",
  "source": "SDSS",
  "band": "r",
  "image_shape": [
    128,
    128
  ],
  "objects": [
    {
      "star_id": 562,
      "ra_deg": 1.7112900000000002,
      "dec_deg": 31.130423,
      "x": 64.06599703689403,
      "y": 63.9989104146307,
      "mag": 7.93
    }
  ]
}