{
  "image_id": "star70_run4822_cam6_frame537_r_p128",
  "source": "SDSS",
  "band": "r",
  "image_shape": [
    128,
    128
  ],
  "objects": [
    {
      "star_id": 70,
      "ra_deg": 0.20268,
      "dec_deg": 36.777637,
      "x": 63.85454566105136,
      "y": 63.79219058265301,
      "mag": 10.42
    }
  ]
}