{
  "image_id": "star647_run6361_cam3_frame49_r_p128",
  "source": "SDSS",
  "band": "r",
  "image_shape": [
    128,
    128
  ],
  "objects": [
    {
      "star_id": 647,
      "ra_deg": 2.000985,
      "dec_deg": -7.544697,
      "x": 64.01585612613371,
      "y": 64.38293645930162,
      "mag": 7.85
    }
  ]
}