{
  "image_id": "star606_run4152_cam5_frame118_r_p128",
  "source": "SDSS",
  "band": "r",
  "image_shape": [
    128,
    128
  ],
  "objects": [
    {
      "star_id": 606,
      "ra_deg": 1.84398,
      "dec_deg": 26.450601,
      "x": 64.32337838864339,
      "y": 64.37869216199942,
      "mag": 7.33
    }
  ]
}