{
  "image_id": "star145_run7778_cam2_frame320_r_p128",
  "source": "SDSS",
  "band": "r",
  "image_shape": [
    128,
    128
  ],
  "objects": [
    {
      "star_id": 145,
      "ra_deg": 0.45603,
      "dec_deg": -3.027504,
      "x": 63.85337185213962,
      "y": 64.26880967087072,
      "mag": 5.13
    }
  ]
}