{
  "image_id": "star23_run7787_cam6_frame202_r_p128",
  "source": "SDSS",
  "band": "r",
  "image_shape": [
    128,
    128
  ],
  "objects": [
    {
      "star_id": 23,
      "ra_deg": 0.07456499999999999,
      "dec_deg": 13.312234,
      "x": 63.599867404522115,
      "y": 63.83673286128328,
      "mag": 7.57
    }
  ]
}