{
  "image_id": "star450_run7912_cam1_frame165_r_p128",
  "source": "SDSS",
  "band": "r",
  "image_shape": [
    128,
    128
  ],
  "objects": [
    {
      "star_id": 450,
      "ra_deg": 1.351245,
      "dec_deg": 16.329006,
      "x": 64.03028779225247,
      "y": 64.2873631909685,
      "mag": 8.63
    }
  ]
}