{
  "image_id": "star69_run4135_cam4_frame268_r_p128",
  "source": "SDSS",
  "band": "r",
  "image_shape": [
    128,
    128
  ],
  "objects": [
    {
      "star_id": 69,
      "ra_deg": 0.201405,
      "dec_deg": 30.39589,
      "x": 63.56911738763779,
      "y": 63.69871521121695,
      "mag": 8.33
    }
  ]
}