{
  "image_id": "star214_run4135_cam4_frame281_r_p128",
  "source": "SDSS",
  "band": "r",
  "image_shape": [
    128,
    128
  ],
  "objects": [
    {
      "star_id": 214,
      "ra_deg": 0.669165,
      "dec_deg": 28.542221,
      "x": 64.43297456531309,
      "y": 64.42599771181426,
      "mag": 8.17
    }
  ]
}