{
  "image_id": "star67_run7917_cam6_frame106_r_p128",
  "source": "SDSS",
  "band": "r",
  "image_shape": [
    128,
    128
  ],
  "objects": [
    {
      "star_id": 67,
      "ra_deg": 0.19932,
      "dec_deg": 23.538219,
      "x": 63.89447367465618,
      "y": 64.3981143361467,
      "mag": 7.83
    }
  ]
}