{
  "image_id": "star335_run1739_cam1_frame309_r_p128",
  "source": "SDSS",
  "band": "r",
  "image_shape": [
    128,
    128
  ],
  "objects": [
    {
      "star_id": 335,
      "ra_deg": 1.066065,
      "dec_deg": 14.081538,
      "x": 64.24182597763365,
      "y": 63.84364944104948,
      "mag": 8.88
    }
  ]
}