{
  "image_id": "star561_run7923_cam5_frame192_r_p128",
  "source": "SDSS",
  "band": "r",
  "image_shape": [
    128,
    128
  ],
  "objects": [
    {
      "star_id": 561,
      "ra_deg": 1.710975,
      "dec_deg": 20.559759,
      "x": 63.53779700432369,
      "y": 64.40447929416177,
      "mag": 8.22
    }
  ]
}