{
  "image_id": "star135_run4263_cam3_frame118_r_p128",
  "source": "SDSS",
  "band": "r",
  "image_shape": [
    128,
    128
  ],
  "objects": [
    {
      "star_id": 135,
      "ra_deg": 0.426795,
      "dec_deg": -0.217777,
      "x": 63.99902185354131,
      "y": 64.14426131315099,
      "mag": 8.64
    }
  ]
}