{
  "image_id": "star219_run7727_cam6_frame71_r_p128",
  "source": "SDSS",
  "band": "r",
  "image_shape": [
    128,
    128
  ],
  "objects": [
    {
      "star_id": 219,
      "ra_deg": 0.6903,
      "dec_deg": 6.0344,
      "x": 64.18124684256645,
      "y": 64.25273027418223,
      "mag": 8.56
    }
  ]
}