{
  "image_id": "star383_run4263_cam4_frame123_r_p128",
  "source": "SDSS",
  "band": "r",
  "image_shape": [
    128,
    128
  ],
  "objects": [
    {
      "star_id": 383,
      "ra_deg": 1.188885,
      "dec_deg": 0.056502,
      "x": 63.90798082131778,
      "y": 64.36560876929798,
      "mag": 8.82
    }
  ]
}