{
  "image_id": "star447_run7712_cam6_frame338_r_p128",
  "source": "SDSS",
  "band": "r",
  "image_shape": [
    128,
    128
  ],
  "objects": [
    {
      "star_id": 447,
      "ra_deg": 1.342665,
      "dec_deg": 3.606092,
      "x": 63.513688975192736,
      "y": 63.862800688486004,
      "mag": 6.91
    }
  ]
}