{
  "image_id": "star298_run7787_cam6_frame208_r_p128",
  "source": "SDSS",
  "band": "r",
  "image_shape": [
    128,
    128
  ],
  "objects": [
    {
      "star_id": 298,
      "ra_deg": 0.927015,
      "dec_deg": 13.365166,
      "x": 63.7832140381239,
      "y": 64.00951187685098,
      "mag": 8.18
    }
  ]
}