{
  "image_id": "star283_run7773_cam3_frame316_r_p128",
  "source": "SDSS",
  "band": "r",
  "image_shape": [
    128,
    128
  ],
  "objects": [
    {
      "star_id": 283,
      "ra_deg": 0.8771249999999999,
      "dec_deg": 12.356821,
      "x": 63.957957898121094,
      "y": 63.51369136807034,
      "mag": 7.45
    }
  ]
}