{
  "image_id": "star613_run4822_cam2_frame539_r_p128",
  "source": "SDSS",
  "band": "r",
  "image_shape": [
    128,
    128
  ],
  "objects": [
    {
      "star_id": 613,
      "ra_deg": 1.880085,
      "dec_deg": 35.745739,
      "x": 63.66597254642011,
      "y": 63.778045034472825,
      "mag": 9.29
    }
  ]
}