{
  "image_id": "star603_run7717_cam2_frame342_r_p128",
  "source": "SDSS",
  "band": "r",
  "image_shape": [
    128,
    128
  ],
  "objects": [
    {
      "star_id": 603,
      "ra_deg": 1.831035,
      "dec_deg": 1.665077,
      "x": 64.34900823485361,
      "y": 63.84559467938175,
      "mag": 8.95
    }
  ]
}