{
  "image_id": "star82_run1740_cam1_frame24_r_p128",
  "source": "SDSS",
  "band": "r",
  "image_shape": [
    128,
    128
  ],
  "objects": [
    {
      "star_id": 82,
      "ra_deg": 0.24801,
      "dec_deg": -10.935963,
      "x": 64.33343457786873,
      "y": 64.23207078349463,
      "mag": 9.5
    }
  ]
}