{
  "image_id": "star616_run8150_cam2_frame47_r_p128",
  "source": "SDSS",
  "band": "r",
  "image_shape": [
    128,
    128
  ],
  "objects": [
    {
      "star_id": 616,
      "ra_deg": 1.8865649999999998,
      "dec_deg": 32.008744,
      "x": 64.19815282157333,
      "y": 63.89601826890066,
      "mag": 8.5
    }
  ]
}