{
  "image_id": "star537_run7754_cam5_frame325_r_p128",
  "source": "SDSS",
  "band": "r",
  "image_shape": [
    128,
    128
  ],
  "objects": [
    {
      "star_id": 537,
      "ra_deg": 1.632495,
      "dec_deg": 5.825395,
      "x": 64.14779911811888,
      "y": 64.10298327304486,
      "mag": 10.95
    }
  ]
}