{
  "image_id": "star394_run4822_cam1_frame532_r_p128",
  "source": "SDSS",
  "band": "r",
  "image_shape": [
    128,
    128
  ],
  "objects": [
    {
      "star_id": 394,
      "ra_deg": 1.223595,
      "dec_deg": 34.659797,
      "x": 63.914019381935304,
      "y": 64.02341046072775,
      "mag": 6.09
    }
  ]
}