{
  "image_id": "star519_run1666_cam2_frame202_r_p128",
  "source": "SDSS",
  "band": "r",
  "image_shape": [
    128,
    128
  ],
  "objects": [
    {
      "star_id": 519,
      "ra_deg": 1.57059,
      "dec_deg": -10.778477,
      "x": 63.805193754250695,
      "y": 64.22485146689917,
      "mag": 7.6
    }
  ]
}