{
  "image_id": "star201_run7713_cam6_frame235_r_p128",
  "source": "SDSS",
  "band": "r",
  "image_shape": [
    128,
    128
  ],
  "objects": [
    {
      "star_id": 201,
      "ra_deg": 0.639285,
      "dec_deg": 18.683407,
      "x": 63.75323259827019,
      "y": 63.70268804332568,
      "mag": 8.24
    }
  ]
}