{
  "image_id": "star406_run8103_cam2_frame103_r_p128",
  "source": "SDSS",
  "band": "r",
  "image_shape": [
    128,
    128
  ],
  "objects": [
    {
      "star_id": 406,
      "ra_deg": 1.24398,
      "dec_deg": 26.725262,
      "x": 63.63354238350098,
      "y": 64.40449553695316,
      "mag": 8.63
    }
  ]
}