{
  "image_id": "star304_run7917_cam3_frame110_r_p128",
  "source": "SDSS",
  "band": "r",
  "image_shape": [
    128,
    128
  ],
  "objects": [
    {
      "star_id": 304,
      "ra_deg": 0.9697950000000001,
      "dec_deg": 22.296047,
      "x": 63.52164374120025,
      "y": 63.80808949094421,
      "mag": 8.27
    }
  ]
}