{
  "image_id": "star501_run4152_cam5_frame106_r_p128",
  "source": "SDSS",
  "band": "r",
  "image_shape": [
    128,
    128
  ],
  "objects": [
    {
      "star_id": 501,
      "ra_deg": 1.502235,
      "dec_deg": 28.276949,
      "x": 63.662304108208446,
      "y": 63.577181377786474,
      "mag": 6.62
    }
  ]
}