{
  "image_id": "star602_run5636_cam4_frame134_r_p128",
  "source": "SDSS",
  "band": "r",
  "image_shape": [
    128,
    128
  ],
  "objects": [
    {
      "star_id": 602,
      "ra_deg": 1.8266099999999998,
      "dec_deg": 7.703558,
      "x": 63.61233838998021,
      "y": 64.10956051602591,
      "mag": 7.64
    }
  ]
}