{
  "image_id": "star198_run1739_cam4_frame307_r_p128",
  "source": "SDSS",
  "band": "r",
  "image_shape": [
    128,
    128
  ],
  "objects": [
    {
      "star_id": 198,
      "ra_deg": 0.632745,
      "dec_deg": 15.335173,
      "x": 64.46169798298456,
      "y": 63.93409971715221,
      "mag": 8.94
    }
  ]
}