{
  "image_id": "star552_run5064_cam1_frame161_r_p128",
  "source": "SDSS",
  "band": "r",
  "image_shape": [
    128,
    128
  ],
  "objects": [
    {
      "star_id": 552,
      "ra_deg": 1.689615,
      "dec_deg": -21.092538,
      "x": 64.05853917483364,
      "y": 64.0216601801535,
      "mag": 9.83
    }
  ]
}