{
  "image_id": "star634_run7778_cam3_frame330_r_p128",
  "source": "SDSS",
  "band": "r",
  "image_shape": [
    128,
    128
  ],
  "objects": [
    {
      "star_id": 634,
      "ra_deg": 1.9338000000000002,
      "dec_deg": -2.548679,
      "x": 63.90749474650738,
      "y": 64.06804341960867,
      "mag": 6.43
    }
  ]
}