{
  "image_id": "star249_run4135_cam6_frame260_r_p128",
  "source": "SDSS",
  "band": "r",
  "image_shape": [
    128,
    128
  ],
  "objects": [
    {
      "star_id": 249,
      "ra_deg": 0.774225,
      "dec_deg": 31.870083,
      "x": 63.75833670505858,
      "y": 64.3261301727971,
      "mag": 8.75
    }
  ]
}