{
  "image_id": "star674_run7917_cam2_frame117_r_p128",
  "source": "SDSS",
  "band": "r",
  "image_shape": [
    128,
    128
  ],
  "objects": [
    {
      "star_id": 674,
      "ra_deg": 2.0946,
      "dec_deg": 21.924458,
      "x": 64.04788302639713,
      "y": 64.18249831849971,
      "mag": 9.4
    }
  ]
}