{
  "image_id": "star49_run7912_cam2_frame157_r_p128",
  "source": "SDSS",
  "band": "r",
  "image_shape": [
    128,
    128
  ],
  "objects": [
    {
      "star_id": 49,
      "ra_deg": 0.13956,
      "dec_deg": 16.669049,
      "x": 64.4505179532506,
      "y": 64.02303994208341,
      "mag": 9.53
    }
  ]
}