{
  "image_id": "star180_run1740_cam5_frame26_r_p128",
  "source": "SDSS",
  "band": "r",
  "image_shape": [
    128,
    128
  ],
  "objects": [
    {
      "star_id": 180,
      "ra_deg": 0.570915,
      "dec_deg": -9.174928,
      "x": 63.87302263861943,
      "y": 64.4278077489119,
      "mag": 8.47
    }
  ]
}