{
  "image_id": "star592_run7754_cam6_frame326_r_p128",
  "source": "SDSS",
  "band": "r",
  "image_shape": [
    128,
    128
  ],
  "objects": [
    {
      "star_id": 592,
      "ra_deg": 1.802415,
      "dec_deg": 6.204281,
      "x": 64.30320792682801,
      "y": 64.10574276881266,
      "mag": 8.85
    }
  ]
}