{
  "image_id": "star245_run8095_cam3_frame305_r_p128",
  "source": "SDSS",
  "band": "r",
  "image_shape": [
    128,
    128
  ],
  "objects": [
    {
      "star_id": 245,
      "ra_deg": 0.7637400000000001,
      "dec_deg": -7.815517,
      "x": 64.0524777735377,
      "y": 64.35558830394336,
      "mag": 8.52
    }
  ]
}