{
  "image_id": "star392_run4135_cam6_frame272_r_p128",
  "source": "SDSS",
  "band": "r",
  "image_shape": [
    128,
    128
  ],
  "objects": [
    {
      "star_id": 392,
      "ra_deg": 1.216695,
      "dec_deg": 30.08585,
      "x": 63.81557349680088,
      "y": 64.31082568410756,
      "mag": 7.93
    }
  ]
}