{
  "image_id": "star460_run8157_cam2_frame126_r_p128",
  "source": "SDSS",
  "band": "r",
  "image_shape": [
    128,
    128
  ],
  "objects": [
    {
      "star_id": 460,
      "ra_deg": 1.37103,
      "dec_deg": 34.10572,
      "x": 63.818218360277115,
      "y": 63.80614256535665,
      "mag": 7.86
    }
  ]
}