{
  "image_id": "star437_run7778_cam5_frame326_r_p128",
  "source": "SDSS",
  "band": "r",
  "image_shape": [
    128,
    128
  ],
  "objects": [
    {
      "star_id": 437,
      "ra_deg": 1.327005,
      "dec_deg": -1.794085,
      "x": 64.45709853404946,
      "y": 63.76149869030132,
      "mag": 7.95
    }
  ]
}