{
  "image_id": "star514_run7907_cam5_frame82_r_p128",
  "source": "SDSS",
  "band": "r",
  "image_shape": [
    128,
    128
  ],
  "objects": [
    {
      "star_id": 514,
      "ra_deg": 1.55481,
      "dec_deg": -1.887164,
      "x": 64.15002500504147,
      "y": 63.9774991436193,
      "mag": 8.69
    }
  ]
}