{
  "image_id": "star188_run5598_cam1_frame119_r_p128",
  "source": "SDSS",
  "band": "r",
  "image_shape": [
    128,
    128
  ],
  "objects": [
    {
      "star_id": 188,
      "ra_deg": 0.602685,
      "dec_deg": 6.333013,
      "x": 64.05420219789062,
      "y": 63.52206466673783,
      "mag": 8.64
    }
  ]
}