{
  "image_id": "star240_run7880_cam3_frame48_r_p128",
  "source": "SDSS",
  "band": "r",
  "image_shape": [
    128,
    128
  ],
  "objects": [
    {
      "star_id": 240,
      "ra_deg": 0.74373,
      "dec_deg": 9.795231,
      "x": 64.35001423729295,
      "y": 63.637541635208265,
      "mag": 10.81
    }
  ]
}