{
  "image_id": "star641_run6361_cam6_frame32_r_p128",
  "source": "SDSS",
  "band": "r",
  "image_shape": [
    128,
    128
  ],
  "objects": [
    {
      "star_id": 641,
      "ra_deg": 1.9717949999999997,
      "dec_deg": -4.854954,
      "x": 64.08571403879421,
      "y": 64.28433962834242,
      "mag": 9.08
    }
  ]
}