{
  "image_id": "star329_run1740_cam3_frame29_r_p128",
  "source": "SDSS",
  "band": "r",
  "image_shape": [
    128,
    128
  ],
  "objects": [
    {
      "star_id": 329,
      "ra_deg": 1.051725,
      "dec_deg": -10.141117,
      "x": 64.32844797441123,
      "y": 64.1726757914065,
      "mag": 9.83
    }
  ]
}