{
  "image_id": "star666_run8116_cam3_frame242_r_p128",
  "source": "SDSS",
  "band": "r",
  "image_shape": [
    128,
    128
  ],
  "objects": [
    {
      "star_id": 666,
      "ra_deg": 2.05692,
      "dec_deg": 29.732273,
      "x": 64.43441592530326,
      "y": 64.0732551269723,
      "mag": 8.31
    }
  ]
}