{
  "image_id": "star161_run4152_cam6_frame70_r_p128",
  "source": "SDSS",
  "band": "r",
  "image_shape": [
    128,
    128
  ],
  "objects": [
    {
      "star_id": 161,
      "ra_deg": 0.5124299999999999,
      "dec_deg": 33.695958,
      "x": 64.34172943730937,
      "y": 63.93438134202404,
      "mag": 8.98
    }
  ]
}