{
  "image_id": "star636_run6361_cam5_frame36_r_p128",
  "source": "SDSS",
  "band": "r",
  "image_shape": [
    128,
    128
  ],
  "objects": [
    {
      "star_id": 636,
      "ra_deg": 1.949205,
      "dec_deg": -5.485918,
      "x": 64.0467685223889,
      "y": 63.6317176924141,
      "mag": 8.85
    }
  ]
}