{
  "image_id": "star100_run8096_cam3_frame230_r_p128",
  "source": "SDSS",
  "band": "r",
  "image_shape": [
    128,
    128
  ],
  "objects": [
    {
      "star_id": 100,
      "ra_deg": 0.31638,
      "dec_deg": 19.741243,
      "x": 64.05317173048797,
      "y": 63.943470863659854,
      "mag": 8.44
    }
  ]
}