{
  "image_id": "star6_run7754_cam1_frame314_r_p128",
  "source": "SDSS",
  "band": "r",
  "image_shape": [
    128,
    128
  ],
  "objects": [
    {
      "star_id": 6,
      "ra_deg": 0.01869,
      "dec_deg": 3.946458,
      "x": 63.80907621926133,
      "y": 64.49347364207563,
      "mag": 12.31
    }
  ]
}