{
  "image_id": "star400_run7917_cam5_frame112_r_p128",
  "source": "SDSS",
  "band": "r",
  "image_shape": [
    128,
    128
  ],
  "objects": [
    {
      "star_id": 400,
      "ra_deg": 1.23459,
      "dec_deg": 23.269629,
      "x": 64.08306328370008,
      "y": 64.03491795895138,
      "mag": 7.82
    }
  ]
}