{
  "image_id": "star488_run7712_cam4_frame339_r_p128",
  "source": "SDSS",
  "band": "r",
  "image_shape": [
    128,
    128
  ],
  "objects": [
    {
      "star_id": 488,
      "ra_deg": 1.465905,
      "dec_deg": 2.764325,
      "x": 64.20450170326671,
      "y": 64.16706994606739,
      "mag": 10.38
    }
  ]
}