{
  "image_id": "star152_run7787_cam4_frame205_r_p128",
  "source": "SDSS",
  "band": "r",
  "image_shape": [
    128,
    128
  ],
  "objects": [
    {
      "star_id": 152,
      "ra_deg": 0.48451500000000003,
      "dec_deg": 12.654888,
      "x": 63.9491730712532,
      "y": 64.21070139921682,
      "mag": 8.9
    }
  ]
}