{
  "image_id": "star452_run6372_cam5_frame91_r_p128",
  "source": "SDSS",
  "band": "r",
  "image_shape": [
    128,
    128
  ],
  "objects": [
    {
      "star_id": 452,
      "ra_deg": 1.3561050000000001,
      "dec_deg": -3.851673,
      "x": 63.90848537229817,
      "y": 63.963055826115806,
      "mag": 7.59
    }
  ]
}