{
  "image_id": "star205_run6372_cam2_frame97_r_p128",
  "source": "SDSS",
  "band": "r",
  "image_shape": [
    128,
    128
  ],
  "objects": [
    {
      "star_id": 205,
      "ra_deg": 0.645645,
      "dec_deg": -5.186651,
      "x": 63.603765374323075,
      "y": 63.89102731983394,
      "mag": 8.54
    }
  ]
}