{
  "image_id": "star589_run7761_cam3_frame25_r_p128",
  "source": "SDSS",
  "band": "r",
  "image_shape": [
    128,
    128
  ],
  "objects": [
    {
      "star_id": 589,
      "ra_deg": 1.7924250000000002,
      "dec_deg": 34.853794,
      "x": 64.40750233590097,
      "y": 64.32973797685077,
      "mag": 8.86
    }
  ]
}