{
  "image_id": "star431_run7761_cam5_frame23_r_p128",
  "source": "SDSS",
  "band": "r",
  "image_shape": [
    128,
    128
  ],
  "objects": [
    {
      "star_id": 431,
      "ra_deg": 1.30419,
      "dec_deg": 35.571012,
      "x": 63.75295514404024,
      "y": 64.2664508471264,
      "mag": 6.88
    }
  ]
}