{
  "image_id": "star657_run7754_cam3_frame328_r_p128",
  "source": "SDSS",
  "band": "r",
  "image_shape": [
    128,
    128
  ],
  "objects": [
    {
      "star_id": 657,
      "ra_deg": 2.024115,
      "dec_deg": 4.927244,
      "x": 64.16290669863406,
      "y": 63.60972183120515,
      "mag": 8.19
    }
  ]
}