{
  "image_id": "star168_run7907_cam3_frame75_r_p128",
  "source": "SDSS",
  "band": "r",
  "image_shape": [
    128,
    128
  ],
  "objects": [
    {
      "star_id": 168,
      "ra_deg": 0.5334300000000001,
      "dec_deg": -2.820072,
      "x": 63.71165384844039,
      "y": 64.45037735627739,
      "mag": 9.56
    }
  ]
}