{
  "image_id": "star269_run7917_cam6_frame110_r_p128",
  "source": "SDSS",
  "band": "r",
  "image_shape": [
    128,
    128
  ],
  "objects": [
    {
      "star_id": 269,
      "ra_deg": 0.8420249999999999,
      "dec_deg": 23.575034,
      "x": 63.66746602319006,
      "y": 64.44821720215509,
      "mag": 8.77
    }
  ]
}