{
  "image_id": "star658_run8111_cam1_frame91_r_p128",
  "source": "SDSS",
  "band": "r",
  "image_shape": [
    128,
    128
  ],
  "objects": [
    {
      "star_id": 658,
      "ra_deg": 2.0399700000000003,
      "dec_deg": 31.378998,
      "x": 63.78801246632884,
      "y": 64.08573612204736,
      "mag": 7.27
    }
  ]
}