{
  "image_id": "star637_run8108_cam2_frame253_r_p128",
  "source": "SDSS",
  "band": "r",
  "image_shape": [
    128,
    128
  ],
  "objects": [
    {
      "star_id": 637,
      "ra_deg": 1.9505100000000002,
      "dec_deg": 21.745574,
      "x": 64.37379518931334,
      "y": 63.88937301728538,
      "mag": 9.86
    }
  ]
}