{
  "image_id": "star369_run8116_cam3_frame237_r_p128",
  "source": "SDSS",
  "band": "r",
  "image_shape": [
    128,
    128
  ],
  "objects": [
    {
      "star_id": 369,
      "ra_deg": 1.158885,
      "dec_deg": 29.72228,
      "x": 64.2033381756878,
      "y": 63.921253998323664,
      "mag": 9.34
    }
  ]
}