{
  "image_id": "star134_run4145_cam1_frame113_r_p128",
  "source": "SDSS",
  "band": "r",
  "image_shape": [
    128,
    128
  ],
  "objects": [
    {
      "star_id": 134,
      "ra_deg": 0.42519,
      "dec_deg": -1.13996,
      "x": 63.80837525285369,
      "y": 63.68000701068388,
      "mag": 9.96
    }
  ]
}