{
  "image_id": "star638_run1729_cam1_frame96_r_p128",
  "source": "SDSS",
  "band": "r",
  "image_shape": [
    128,
    128
  ],
  "objects": [
    {
      "star_id": 638,
      "ra_deg": 1.951665,
      "dec_deg": -11.129061,
      "x": 64.4229742799132,
      "y": 64.3849565473754,
      "mag": 8.55
    }
  ]
}