{
  "image_id": "star31_run7717_cam4_frame330_r_p128",
  "source": "SDSS",
  "band": "r",
  "image_shape": [
    128,
    128
  ],
  "objects": [
    {
      "star_id": 31,
      "ra_deg": 0.09808499999999999,
      "dec_deg": 2.675477,
      "x": 63.79696895278562,
      "y": 64.09832994433532,
      "mag": 7.63
    }
  ]
}