{
  "image_id": "star612_run7713_cam3_frame243_r_p128",
  "source": "SDSS",
  "band": "r",
  "image_shape": [
    128,
    128
  ],
  "objects": [
    {
      "star_id": 612,
      "ra_deg": 1.8719400000000002,
      "dec_deg": 17.302737,
      "x": 63.56995019762667,
      "y": 63.99374694502296,
      "mag": 8.46
    }
  ]
}