{
  "image_id": "star417_run4874_cam2_frame429_r_p128",
  "source": "SDSS",
  "band": "r",
  "image_shape": [
    128,
    128
  ],
  "objects": [
    {
      "star_id": 417,
      "ra_deg": 1.265925,
      "dec_deg": -0.503035,
      "x": 64.19849942904989,
      "y": 64.1115462471787,
      "mag": 6.32
    }
  ]
}