{
  "image_id": "star36_run7773_cam3_frame311_r_p128",
  "source": "SDSS",
  "band": "r",
  "image_shape": [
    128,
    128
  ],
  "objects": [
    {
      "star_id": 36,
      "ra_deg": 0.103395,
      "dec_deg": 12.267128,
      "x": 63.6459761668134,
      "y": 63.624106738396904,
      "mag": 7.68
    }
  ]
}