{
  "image_id": "star1_run2728_cam6_frame413_r_p128",
  "source": "SDSS",
  "band": "r",
  "image_shape": [
    128,
    128
  ],
  "objects": [
    {
      "star_id": 1,
      "ra_deg": 0.0009,
      "dec_deg": 1.089009,
      "x": 64.11402304296416,
      "y": 63.88371453946837,
      "mag": 9.1
    }
  ]
}