{
  "image_id": "star263_run7727_cam3_frame72_r_p128",
  "source": "SDSS",
  "band": "r",
  "image_shape": [
    128,
    128
  ],
  "objects": [
    {
      "star_id": 263,
      "ra_deg": 0.8291850000000001,
      "dec_deg": 4.686928,
      "x": 64.19676984053558,
      "y": 63.960881436536624,
      "mag": 12.04
    }
  ]
}