{
  "image_id": "star308_run1739_cam2_frame309_r_p128",
  "source": "SDSS",
  "band": "r",
  "image_shape": [
    128,
    128
  ],
  "objects": [
    {
      "star_id": 308,
      "ra_deg": 0.98373,
      "dec_deg": 14.378864,
      "x": 63.850767483757295,
      "y": 63.90842939348653,
      "mag": 7.09
    }
  ]
}