{
  "image_id": "star56_run4874_cam4_frame422_r_p128",
  "source": "SDSS",
  "band": "r",
  "image_shape": [
    128,
    128
  ],
  "objects": [
    {
      "star_id": 56,
      "ra_deg": 0.16293,
      "dec_deg": 0.222931,
      "x": 63.95679401529924,
      "y": 63.71284403101288,
      "mag": 8.12
    }
  ]
}