{
  "image_id": "star267_run6361_cam4_frame25_r_p128",
  "source": "SDSS",
  "band": "r",
  "image_shape": [
    128,
    128
  ],
  "objects": [
    {
      "star_id": 267,
      "ra_deg": 0.83535,
      "dec_deg": -4.145757,
      "x": 63.574006780535456,
      "y": 64.05860354796329,
      "mag": 8.09
    }
  ]
}