{
  "image_id": "star535_run4135_cam5_frame292_r_p128",
  "source": "SDSS",
  "band": "r",
  "image_shape": [
    128,
    128
  ],
  "objects": [
    {
      "star_id": 535,
      "ra_deg": 1.621965,
      "dec_deg": 27.090106,
      "x": 64.46581079591533,
      "y": 63.922773302866744,
      "mag": 9.76
    }
  ]
}